Time,Players,Vote
2024-05-01-00-00,80,11
2024-05-01-00-30,88,13
2024-05-01-01-00,90,10
2024-05-01-01-30,112,9
2024-05-01-02-00,119,10
2024-05-01-02-30,90,11
2024-05-01-03-00,81,7
2024-05-01-03-30,93,6
2024-05-01-04-00,95,6
2024-05-01-04-30,110,8
2024-05-01-05-00,91,9
2024-05-01-05-30,99,10
2024-05-01-06-00,80,9
2024-05-01-06-30,89,10
2024-05-01-07-00,107,9
2024-05-01-07-30,115,6
2024-05-01-08-00,102,11
2024-05-01-08-30,85,8
2024-05-01-09-00,95,10
2024-05-01-09-30,83,9
2024-05-01-10-00,92,8
2024-05-01-10-30,72,13
2024-05-01-11-00,89,8
2024-05-01-11-30,104,7
2024-05-01-12-00,85,8
2024-05-01-12-30,96,11
2024-05-01-13-00,123,14
2024-05-01-13-30,98,9
2024-05-01-14-00,121,9
2024-05-01-14-30,109,8
2024-05-01-15-00,100,6
2024-05-01-15-30,89,9
2024-05-01-16-00,123,7
2024-05-01-16-30,122,10
2024-05-01-17-00,103,8
2024-05-01-17-30,117,11
2024-05-01-18-00,108,10
2024-05-01-18-30,117,6
2024-05-01-19-00,92,10
2024-05-01-19-30,100,7
2024-05-01-20-00,88,11
2024-05-01-20-30,113,13
2024-05-01-21-00,92,10
2024-05-01-21-30,102,10
2024-05-01-22-00,98,10
2024-05-01-22-30,116,11
2024-05-01-23-00,93,9
2024-05-01-23-30,93,7
2024-05-02-00-00,104,23
2024-05-02-00-30,113,20
2024-05-02-01-00,93,20
2024-05-02-01-30,95,21
2024-05-02-02-00,136,23
2024-05-02-02-30,89,22
2024-05-02-03-00,102,18
2024-05-02-03-30,87,20
2024-05-02-04-00,99,21
2024-05-02-04-30,109,18
2024-05-02-05-00,84,20
2024-05-02-05-30,106,21
2024-05-02-06-00,109,19
2024-05-02-06-30,83,21
2024-05-02-07-00,98,17
2024-05-02-07-30,72,19
2024-05-02-08-00,98,15
2024-05-02-08-30,116,18
2024-05-02-09-00,90,21
2024-05-02-09-30,90,19
2024-05-02-10-00,69,17
2024-05-02-10-30,84,23
2024-05-02-11-00,94,19
2024-05-02-11-30,104,18
2024-05-02-12-00,84,18
2024-05-02-12-30,111,24
2024-05-02-13-00,114,15
2024-05-02-13-30,92,19
2024-05-02-14-00,130,23
2024-05-02-14-30,81,18
2024-05-02-15-00,104,20
2024-05-02-15-30,78,20
2024-05-02-16-00,99,20
2024-05-02-16-30,89,21
2024-05-02-17-00,103,22
2024-05-02-17-30,112,23
2024-05-02-18-00,102,21
2024-05-02-18-30,85,18
2024-05-02-19-00,109,19
2024-05-02-19-30,121,21
2024-05-02-20-00,104,22
2024-05-02-20-30,104,18
2024-05-02-21-00,105,18
2024-05-02-21-30,76,14
2024-05-02-22-00,81,17
2024-05-02-22-30,95,21
2024-05-02-23-00,100,16
2024-05-02-23-30,93,19
2024-05-03-00-00,99,28
2024-05-03-00-30,116,28
2024-05-03-01-00,93,33
2024-05-03-01-30,103,32
2024-05-03-02-00,104,33
2024-05-03-02-30,89,29
2024-05-03-03-00,125,28
2024-05-03-03-30,81,29
2024-05-03-04-00,99,30
2024-05-03-04-30,96,28
2024-05-03-05-00,97,28
2024-05-03-05-30,124,31
2024-05-03-06-00,109,27
2024-05-03-06-30,88,27
2024-05-03-07-00,122,33
2024-05-03-07-30,111,35
2024-05-03-08-00,74,32
2024-05-03-08-30,89,26
2024-05-03-09-00,91,29
2024-05-03-09-30,85,26
2024-05-03-10-00,95,32
2024-05-03-10-30,101,28
2024-05-03-11-00,94,33
2024-05-03-11-30,105,29
2024-05-03-12-00,90,29
2024-05-03-12-30,96,28
2024-05-03-13-00,108,28
2024-05-03-13-30,91,29
2024-05-03-14-00,122,32
2024-05-03-14-30,94,28
2024-05-03-15-00,114,30
2024-05-03-15-30,99,28
2024-05-03-16-00,72,32
2024-05-03-16-30,95,31
2024-05-03-17-00,59,32
2024-05-03-17-30,87,28
2024-05-03-18-00,108,32
2024-05-03-18-30,112,34
2024-05-03-19-00,104,28
2024-05-03-19-30,94,33
2024-05-03-20-00,102,29
2024-05-03-20-30,108,33
2024-05-03-21-00,104,29
2024-05-03-21-30,97,30
2024-05-03-22-00,102,33
2024-05-03-22-30,91,29
2024-05-03-23-00,113,30
2024-05-03-23-30,95,25
2024-05-04-00-00,107,40
2024-05-04-00-30,127,42
2024-05-04-01-00,86,38
2024-05-04-01-30,95,39
2024-05-04-02-00,117,39
2024-05-04-02-30,84,40
2024-05-04-03-00,89,41
2024-05-04-03-30,71,44
2024-05-04-04-00,83,39
2024-05-04-04-30,91,36
2024-05-04-05-00,94,42
2024-05-04-05-30,87,40
2024-05-04-06-00,99,39
2024-05-04-06-30,103,42
2024-05-04-07-00,98,38
2024-05-04-07-30,102,45
2024-05-04-08-00,99,42
2024-05-04-08-30,106,43
2024-05-04-09-00,93,39
2024-05-04-09-30,106,40
2024-05-04-10-00,87,38
2024-05-04-10-30,94,40
2024-05-04-11-00,92,35
2024-05-04-11-30,98,39
2024-05-04-12-00,95,37
2024-05-04-12-30,94,40
2024-05-04-13-00,105,41
2024-05-04-13-30,104,38
2024-05-04-14-00,65,40
2024-05-04-14-30,111,36
2024-05-04-15-00,107,39
2024-05-04-15-30,84,39
2024-05-04-16-00,130,40
2024-05-04-16-30,115,41
2024-05-04-17-00,77,38
2024-05-04-17-30,96,38
2024-05-04-18-00,126,39
2024-05-04-18-30,94,41
2024-05-04-19-00,83,39
2024-05-04-19-30,92,40
2024-05-04-20-00,110,39
2024-05-04-20-30,104,38
2024-05-04-21-00,87,41
2024-05-04-21-30,103,38
2024-05-04-22-00,97,38
2024-05-04-22-30,116,39
2024-05-04-23-00,105,38
2024-05-04-23-30,114,39
2024-05-05-00-00,114,50
2024-05-05-00-30,124,48
2024-05-05-01-00,81,49
2024-05-05-01-30,89,52
2024-05-05-02-00,91,52
2024-05-05-02-30,116,49
2024-05-05-03-00,107,48
2024-05-05-03-30,117,43
2024-05-05-04-00,113,51
2024-05-05-04-30,94,53
2024-05-05-05-00,94,52
2024-05-05-05-30,76,45
2024-05-05-06-00,82,47
2024-05-05-06-30,101,46
2024-05-05-07-00,102,56
2024-05-05-07-30,113,50
2024-05-05-08-00,111,48
2024-05-05-08-30,73,50
2024-05-05-09-00,85,50
2024-05-05-09-30,105,56
2024-05-05-10-00,90,50
2024-05-05-10-30,89,48
2024-05-05-11-00,112,51
2024-05-05-11-30,91,50
2024-05-05-12-00,90,48
2024-05-05-12-30,101,52
2024-05-05-13-00,95,50
2024-05-05-13-30,101,51
2024-05-05-14-00,89,48
2024-05-05-14-30,115,47
2024-05-05-15-00,117,50
2024-05-05-15-30,111,49
2024-05-05-16-00,104,49
2024-05-05-16-30,89,49
2024-05-05-17-00,80,46
2024-05-05-17-30,110,53
2024-05-05-18-00,100,45
2024-05-05-18-30,86,50
2024-05-05-19-00,108,51
2024-05-05-19-30,94,50
2024-05-05-20-00,105,47
2024-05-05-20-30,109,48
2024-05-05-21-00,99,48
2024-05-05-21-30,107,45
2024-05-05-22-00,91,48
2024-05-05-22-30,94,51
2024-05-05-23-00,95,51
2024-05-05-23-30,79,51
2024-05-06-00-00,102,62
2024-05-06-00-30,89,63
2024-05-06-01-00,94,60
2024-05-06-01-30,117,56
2024-05-06-02-00,89,59
2024-05-06-02-30,99,57
2024-05-06-03-00,83,59
2024-05-06-03-30,112,61
2024-05-06-04-00,129,59
2024-05-06-04-30,86,61
2024-05-06-05-00,94,61
2024-05-06-05-30,108,58
2024-05-06-06-00,96,59
2024-05-06-06-30,141,59
2024-05-06-07-00,74,57
2024-05-06-07-30,115,59
2024-05-06-08-00,98,55
2024-05-06-08-30,103,62
2024-05-06-09-00,108,60
2024-05-06-09-30,105,62
2024-05-06-10-00,104,61
2024-05-06-10-30,87,61
2024-05-06-11-00,87,58
2024-05-06-11-30,92,61
2024-05-06-12-00,102,61
2024-05-06-12-30,95,64
2024-05-06-13-00,101,59
2024-05-06-13-30,94,58
2024-05-06-14-00,111,58
2024-05-06-14-30,98,62
2024-05-06-15-00,91,60
2024-05-06-15-30,102,64
2024-05-06-16-00,96,60
2024-05-06-16-30,93,60
2024-05-06-17-00,110,59
2024-05-06-17-30,92,61
2024-05-06-18-00,102,61
2024-05-06-18-30,119,60
2024-05-06-19-00,93,62
2024-05-06-19-30,105,60
2024-05-06-20-00,92,60
2024-05-06-20-30,113,58
2024-05-06-21-00,82,57
2024-05-06-21-30,98,58
2024-05-06-22-00,87,60
2024-05-06-22-30,114,62
2024-05-06-23-00,72,59
2024-05-06-23-30,94,59
2024-05-07-00-00,81,68
2024-05-07-00-30,92,69
2024-05-07-01-00,124,71
2024-05-07-01-30,116,68
2024-05-07-02-00,96,68
2024-05-07-02-30,122,70
2024-05-07-03-00,80,73
2024-05-07-03-30,113,68
2024-05-07-04-00,92,70
2024-05-07-04-30,107,69
2024-05-07-05-00,106,71
2024-05-07-05-30,84,72
2024-05-07-06-00,100,70
2024-05-07-06-30,109,70
2024-05-07-07-00,121,70
2024-05-07-07-30,111,72
2024-05-07-08-00,89,69
2024-05-07-08-30,93,68
2024-05-07-09-00,105,70
2024-05-07-09-30,106,68
2024-05-07-10-00,80,69
2024-05-07-10-30,140,71
2024-05-07-11-00,111,70
2024-05-07-11-30,94,72
2024-05-07-12-00,88,70
2024-05-07-12-30,115,68
2024-05-07-13-00,113,69
2024-05-07-13-30,93,70
2024-05-07-14-00,89,70
2024-05-07-14-30,99,66
2024-05-07-15-00,114,69
2024-05-07-15-30,111,65
2024-05-07-16-00,121,71
2024-05-07-16-30,88,67
2024-05-07-17-00,101,66
2024-05-07-17-30,99,69
2024-05-07-18-00,64,71
2024-05-07-18-30,89,72
2024-05-07-19-00,107,71
2024-05-07-19-30,109,70
2024-05-07-20-00,105,68
2024-05-07-20-30,126,69
2024-05-07-21-00,99,70
2024-05-07-21-30,106,68
2024-05-07-22-00,83,69
2024-05-07-22-30,113,72
2024-05-07-23-00,83,71
2024-05-07-23-30,124,71
2024-05-08-00-00,92,78
2024-05-08-00-30,129,81
2024-05-08-01-00,84,78
2024-05-08-01-30,108,79
2024-05-08-02-00,83,79
2024-05-08-02-30,89,81
2024-05-08-03-00,116,80
2024-05-08-03-30,101,82
2024-05-08-04-00,93,78
2024-05-08-04-30,93,81
2024-05-08-05-00,116,72
2024-05-08-05-30,86,79
2024-05-08-06-00,136,78
2024-05-08-06-30,111,79
2024-05-08-07-00,93,79
2024-05-08-07-30,98,77
2024-05-08-08-00,101,80
2024-05-08-08-30,89,81
2024-05-08-09-00,105,83
2024-05-08-09-30,102,84
2024-05-08-10-00,100,81
2024-05-08-10-30,108,76
2024-05-08-11-00,73,82
2024-05-08-11-30,102,78
2024-05-08-12-00,84,78
2024-05-08-12-30,74,80
2024-05-08-13-00,85,79
2024-05-08-13-30,113,81
2024-05-08-14-00,96,82
2024-05-08-14-30,111,79
2024-05-08-15-00,110,77
2024-05-08-15-30,70,78
2024-05-08-16-00,101,81
2024-05-08-16-30,87,77
2024-05-08-17-00,87,79
2024-05-08-17-30,102,82
2024-05-08-18-00,99,80
2024-05-08-18-30,92,79
2024-05-08-19-00,80,79
2024-05-08-19-30,91,79
2024-05-08-20-00,93,80
2024-05-08-20-30,101,81
2024-05-08-21-00,79,78
2024-05-08-21-30,96,80
2024-05-08-22-00,110,80
2024-05-08-22-30,94,80
2024-05-08-23-00,98,81
2024-05-08-23-30,91,79
2024-05-09-00-00,94,87
2024-05-09-00-30,92,90
2024-05-09-01-00,103,87
2024-05-09-01-30,95,90
2024-05-09-02-00,130,94
2024-05-09-02-30,106,89
2024-05-09-03-00,102,87
2024-05-09-03-30,95,87
2024-05-09-04-00,101,91
2024-05-09-04-30,110,95
2024-05-09-05-00,90,92
2024-05-09-05-30,112,89
2024-05-09-06-00,124,86
2024-05-09-06-30,98,92
2024-05-09-07-00,99,92
2024-05-09-07-30,113,92
2024-05-09-08-00,80,89
2024-05-09-08-30,122,92
2024-05-09-09-00,124,89
2024-05-09-09-30,88,90
2024-05-09-10-00,104,89
2024-05-09-10-30,84,92
2024-05-09-11-00,106,92
2024-05-09-11-30,83,90
2024-05-09-12-00,86,90
2024-05-09-12-30,101,92
2024-05-09-13-00,112,93
2024-05-09-13-30,75,86
2024-05-09-14-00,107,90
2024-05-09-14-30,102,89
2024-05-09-15-00,96,89
2024-05-09-15-30,90,90
2024-05-09-16-00,94,89
2024-05-09-16-30,96,93
2024-05-09-17-00,110,89
2024-05-09-17-30,104,90
2024-05-09-18-00,101,89
2024-05-09-18-30,87,89
2024-05-09-19-00,110,91
2024-05-09-19-30,117,92
2024-05-09-20-00,96,90
2024-05-09-20-30,89,90
2024-05-09-21-00,85,89
2024-05-09-21-30,102,87
2024-05-09-22-00,92,91
2024-05-09-22-30,86,87
2024-05-09-23-00,104,84
2024-05-09-23-30,103,90
2024-05-10-00-00,107,97
2024-05-10-00-30,112,103
2024-05-10-01-00,103,98
2024-05-10-01-30,101,101
2024-05-10-02-00,96,98
2024-05-10-02-30,97,97
2024-05-10-03-00,103,97
2024-05-10-03-30,107,99
2024-05-10-04-00,91,100
2024-05-10-04-30,95,100
2024-05-10-05-00,109,100
2024-05-10-05-30,99,99
2024-05-10-06-00,96,97
2024-05-10-06-30,87,99
2024-05-10-07-00,102,101
2024-05-10-07-30,104,104
2024-05-10-08-00,96,102
2024-05-10-08-30,77,103
2024-05-10-09-00,95,103
2024-05-10-09-30,75,101
2024-05-10-10-00,92,102
2024-05-10-10-30,109,96
2024-05-10-11-00,92,98
2024-05-10-11-30,89,100
2024-05-10-12-00,83,99
2024-05-10-12-30,77,97
2024-05-10-13-00,106,98
2024-05-10-13-30,82,101
2024-05-10-14-00,108,100
2024-05-10-14-30,73,100
2024-05-10-15-00,109,101
2024-05-10-15-30,80,99
2024-05-10-16-00,103,99
2024-05-10-16-30,104,98
2024-05-10-17-00,98,100
2024-05-10-17-30,125,100
2024-05-10-18-00,110,104
2024-05-10-18-30,101,101
2024-05-10-19-00,118,98
2024-05-10-19-30,101,99
2024-05-10-20-00,94,95
2024-05-10-20-30,110,101
2024-05-10-21-00,112,97
2024-05-10-21-30,108,99
2024-05-10-22-00,105,102
2024-05-10-22-30,106,99
2024-05-10-23-00,99,99
2024-05-10-23-30,90,101
2024-05-11-00-00,107,111
2024-05-11-00-30,84,108
2024-05-11-01-00,86,109
2024-05-11-01-30,106,112
2024-05-11-02-00,113,111
2024-05-11-02-30,127,114
2024-05-11-03-00,89,111
2024-05-11-03-30,75,108
2024-05-11-04-00,91,109
2024-05-11-04-30,112,110
2024-05-11-05-00,96,110
2024-05-11-05-30,105,108
2024-05-11-06-00,99,111
2024-05-11-06-30,86,111
2024-05-11-07-00,91,108
2024-05-11-07-30,108,111
2024-05-11-08-00,112,109
2024-05-11-08-30,83,110
2024-05-11-09-00,90,115
2024-05-11-09-30,91,108
2024-05-11-10-00,93,115
2024-05-11-10-30,99,109
2024-05-11-11-00,95,106
2024-05-11-11-30,102,111
2024-05-11-12-00,99,106
2024-05-11-12-30,99,109
2024-05-11-13-00,120,110
2024-05-11-13-30,84,109
2024-05-11-14-00,101,111
2024-05-11-14-30,102,111
2024-05-11-15-00,80,109
2024-05-11-15-30,79,109
2024-05-11-16-00,115,107
2024-05-11-16-30,108,107
2024-05-11-17-00,93,110
2024-05-11-17-30,91,107
2024-05-11-18-00,67,110
2024-05-11-18-30,94,111
2024-05-11-19-00,101,111
2024-05-11-19-30,88,109
2024-05-11-20-00,92,108
2024-05-11-20-30,78,114
2024-05-11-21-00,77,108
2024-05-11-21-30,116,109
2024-05-11-22-00,112,103
2024-05-11-22-30,103,109
2024-05-11-23-00,102,106
2024-05-11-23-30,79,110
2024-05-12-00-00,86,118
2024-05-12-00-30,122,118
2024-05-12-01-00,105,120
2024-05-12-01-30,98,121
2024-05-12-02-00,79,119
2024-05-12-02-30,78,119
2024-05-12-03-00,72,121
2024-05-12-03-30,79,122
2024-05-12-04-00,105,119
2024-05-12-04-30,92,120
2024-05-12-05-00,94,119
2024-05-12-05-30,80,122
2024-05-12-06-00,90,122
2024-05-12-06-30,88,118
2024-05-12-07-00,94,120
2024-05-12-07-30,113,122
2024-05-12-08-00,111,120
2024-05-12-08-30,123,120
2024-05-12-09-00,112,115
2024-05-12-09-30,93,119
2024-05-12-10-00,104,118
2024-05-12-10-30,89,118
2024-05-12-11-00,102,121
2024-05-12-11-30,119,118
2024-05-12-12-00,98,118
2024-05-12-12-30,89,119
2024-05-12-13-00,78,120
2024-05-12-13-30,71,116
2024-05-12-14-00,96,118
2024-05-12-14-30,118,117
2024-05-12-15-00,99,121
2024-05-12-15-30,95,118
2024-05-12-16-00,95,121
2024-05-12-16-30,82,116
2024-05-12-17-00,127,122
2024-05-12-17-30,101,125
2024-05-12-18-00,128,119
2024-05-12-18-30,88,118
2024-05-12-19-00,78,121
2024-05-12-19-30,114,120
2024-05-12-20-00,95,121
2024-05-12-20-30,109,119
2024-05-12-21-00,99,117
2024-05-12-21-30,110,120
2024-05-12-22-00,111,117
2024-05-12-22-30,123,122
2024-05-12-23-00,104,123
2024-05-12-23-30,107,121
2024-05-13-00-00,101,128
2024-05-13-00-30,108,130
2024-05-13-01-00,92,131
2024-05-13-01-30,90,129
2024-05-13-02-00,123,126
2024-05-13-02-30,113,131
2024-05-13-03-00,89,129
2024-05-13-03-30,94,130
2024-05-13-04-00,89,127
2024-05-13-04-30,122,129
2024-05-13-05-00,108,130
2024-05-13-05-30,60,129
2024-05-13-06-00,97,129
2024-05-13-06-30,96,130
2024-05-13-07-00,102,133
2024-05-13-07-30,114,126
2024-05-13-08-00,89,131
2024-05-13-08-30,121,129
2024-05-13-09-00,98,129
2024-05-13-09-30,110,131
2024-05-13-10-00,102,132
2024-05-13-10-30,111,131
2024-05-13-11-00,104,132
2024-05-13-11-30,91,129
2024-05-13-12-00,110,128
2024-05-13-12-30,126,129
2024-05-13-13-00,97,129
2024-05-13-13-30,96,128
2024-05-13-14-00,120,127
2024-05-13-14-30,119,132
2024-05-13-15-00,98,126
2024-05-13-15-30,90,132
2024-05-13-16-00,104,128
2024-05-13-16-30,146,134
2024-05-13-17-00,87,129
2024-05-13-17-30,110,131
2024-05-13-18-00,76,131
2024-05-13-18-30,97,130
2024-05-13-19-00,81,131
2024-05-13-19-30,109,128
2024-05-13-20-00,106,129
2024-05-13-20-30,117,128
2024-05-13-21-00,116,127
2024-05-13-21-30,116,128
2024-05-13-22-00,102,129
2024-05-13-22-30,109,130
2024-05-13-23-00,103,131
2024-05-13-23-30,96,129
2024-05-14-00-00,105,138
2024-05-14-00-30,115,143
2024-05-14-01-00,111,136
2024-05-14-01-30,80,145
2024-05-14-02-00,80,138
2024-05-14-02-30,114,138
2024-05-14-03-00,76,141
2024-05-14-03-30,91,139
2024-05-14-04-00,96,138
2024-05-14-04-30,101,141
2024-05-14-05-00,100,138
2024-05-14-05-30,86,139
2024-05-14-06-00,112,138
2024-05-14-06-30,112,140
2024-05-14-07-00,98,140
2024-05-14-07-30,103,135
2024-05-14-08-00,113,142
2024-05-14-08-30,92,144
2024-05-14-09-00,87,136
2024-05-14-09-30,83,139
2024-05-14-10-00,94,140
2024-05-14-10-30,104,136
2024-05-14-11-00,108,138
2024-05-14-11-30,96,142
2024-05-14-12-00,122,138
2024-05-14-12-30,110,141
2024-05-14-13-00,80,137
2024-05-14-13-30,100,141
2024-05-14-14-00,85,134
2024-05-14-14-30,101,136
2024-05-14-15-00,115,139
2024-05-14-15-30,116,135
2024-05-14-16-00,100,136
2024-05-14-16-30,78,138
2024-05-14-17-00,98,140
2024-05-14-17-30,103,142
2024-05-14-18-00,101,139
2024-05-14-18-30,122,137
2024-05-14-19-00,108,139
2024-05-14-19-30,107,139
2024-05-14-20-00,122,138
2024-05-14-20-30,100,140
2024-05-14-21-00,98,138
2024-05-14-21-30,92,139
2024-05-14-22-00,91,140
2024-05-14-22-30,112,136
2024-05-14-23-00,72,139
2024-05-14-23-30,119,140
2024-05-15-00-00,120,154
2024-05-15-00-30,75,151
2024-05-15-01-00,96,151
2024-05-15-01-30,78,149
2024-05-15-02-00,89,149
2024-05-15-02-30,99,148
2024-05-15-03-00,93,152
2024-05-15-03-30,103,144
2024-05-15-04-00,91,148
2024-05-15-04-30,104,148
2024-05-15-05-00,86,151
2024-05-15-05-30,90,147
2024-05-15-06-00,111,150
2024-05-15-06-30,112,150
2024-05-15-07-00,105,149
2024-05-15-07-30,81,150
2024-05-15-08-00,110,152
2024-05-15-08-30,114,149
2024-05-15-09-00,107,147
2024-05-15-09-30,110,153
2024-05-15-10-00,83,152
2024-05-15-10-30,92,150
2024-05-15-11-00,106,146
2024-05-15-11-30,98,152
2024-05-15-12-00,101,151
2024-05-15-12-30,105,151
2024-05-15-13-00,80,152
2024-05-15-13-30,92,149
2024-05-15-14-00,83,147
2024-05-15-14-30,113,152
2024-05-15-15-00,78,151
2024-05-15-15-30,106,150
2024-05-15-16-00,96,152
2024-05-15-16-30,94,152
2024-05-15-17-00,80,156
2024-05-15-17-30,123,149
2024-05-15-18-00,110,149
2024-05-15-18-30,92,154
2024-05-15-19-00,99,146
2024-05-15-19-30,63,149
2024-05-15-20-00,113,155
2024-05-15-20-30,90,149
2024-05-15-21-00,103,151
2024-05-15-21-30,95,151
2024-05-15-22-00,100,149
2024-05-15-22-30,107,149
2024-05-15-23-00,86,151
2024-05-15-23-30,103,147
2024-05-16-00-00,96,157
2024-05-16-00-30,97,157
2024-05-16-01-00,101,158
2024-05-16-01-30,80,157
2024-05-16-02-00,93,159
2024-05-16-02-30,82,161
2024-05-16-03-00,100,160
2024-05-16-03-30,123,160
2024-05-16-04-00,134,161
2024-05-16-04-30,91,158
2024-05-16-05-00,110,157
2024-05-16-05-30,80,159
2024-05-16-06-00,98,161
2024-05-16-06-30,93,158
2024-05-16-07-00,113,159
2024-05-16-07-30,119,156
2024-05-16-08-00,102,158
2024-05-16-08-30,96,159
2024-05-16-09-00,97,156
2024-05-16-09-30,78,163
2024-05-16-10-00,138,158
2024-05-16-10-30,125,160
2024-05-16-11-00,95,159
2024-05-16-11-30,101,159
2024-05-16-12-00,107,156
2024-05-16-12-30,88,160
2024-05-16-13-00,107,158
2024-05-16-13-30,95,160
2024-05-16-14-00,78,160
2024-05-16-14-30,130,163
2024-05-16-15-00,126,160
2024-05-16-15-30,98,166
2024-05-16-16-00,87,162
2024-05-16-16-30,115,159
2024-05-16-17-00,110,161
2024-05-16-17-30,105,162
2024-05-16-18-00,104,159
2024-05-16-18-30,107,160
2024-05-16-19-00,67,157
2024-05-16-19-30,110,161
2024-05-16-20-00,89,159
2024-05-16-20-30,86,161
2024-05-16-21-00,122,158
2024-05-16-21-30,102,162
2024-05-16-22-00,96,162
2024-05-16-22-30,77,160
2024-05-16-23-00,109,159
2024-05-16-23-30,103,159
2024-05-17-00-00,130,169
2024-05-17-00-30,83,167
2024-05-17-01-00,105,173
2024-05-17-01-30,97,170
2024-05-17-02-00,107,168
2024-05-17-02-30,131,168
2024-05-17-03-00,98,172
2024-05-17-03-30,96,169
2024-05-17-04-00,86,168
2024-05-17-04-30,101,168
2024-05-17-05-00,111,170
2024-05-17-05-30,104,168
2024-05-17-06-00,82,167
2024-05-17-06-30,96,168
2024-05-17-07-00,105,172
2024-05-17-07-30,91,173
2024-05-17-08-00,110,174
2024-05-17-08-30,88,171
2024-05-17-09-00,120,169
2024-05-17-09-30,101,169
2024-05-17-10-00,85,174
2024-05-17-10-30,97,170
2024-05-17-11-00,112,170
2024-05-17-11-30,87,166
2024-05-17-12-00,138,171
2024-05-17-12-30,104,165
2024-05-17-13-00,100,172
2024-05-17-13-30,101,168
2024-05-17-14-00,86,169
2024-05-17-14-30,85,174
2024-05-17-15-00,92,168
2024-05-17-15-30,94,166
2024-05-17-16-00,123,164
2024-05-17-16-30,88,173
2024-05-17-17-00,110,169
2024-05-17-17-30,96,173
2024-05-17-18-00,88,171
2024-05-17-18-30,102,172
2024-05-17-19-00,106,170
2024-05-17-19-30,108,170
2024-05-17-20-00,101,168
2024-05-17-20-30,108,173
2024-05-17-21-00,122,169
2024-05-17-21-30,109,169
2024-05-17-22-00,88,168
2024-05-17-22-30,88,171
2024-05-17-23-00,95,168
2024-05-17-23-30,91,170
2024-05-18-00-00,102,179
2024-05-18-00-30,111,177
2024-05-18-01-00,107,181
2024-05-18-01-30,89,179
2024-05-18-02-00,91,178
2024-05-18-02-30,115,180
2024-05-18-03-00,104,181
2024-05-18-03-30,86,178
2024-05-18-04-00,112,179
2024-05-18-04-30,102,181
2024-05-18-05-00,103,177
2024-05-18-05-30,103,176
2024-05-18-06-00,102,179
2024-05-18-06-30,92,182
2024-05-18-07-00,114,179
2024-05-18-07-30,86,180
2024-05-18-08-00,80,181
2024-05-18-08-30,103,178
2024-05-18-09-00,79,180
2024-05-18-09-30,82,179
2024-05-18-10-00,68,179
2024-05-18-10-30,114,179
2024-05-18-11-00,92,181
2024-05-18-11-30,106,179
2024-05-18-12-00,106,179
2024-05-18-12-30,117,180
2024-05-18-13-00,118,176
2024-05-18-13-30,102,180
2024-05-18-14-00,92,174
2024-05-18-14-30,99,182
2024-05-18-15-00,88,178
2024-05-18-15-30,97,181
2024-05-18-16-00,115,181
2024-05-18-16-30,102,181
2024-05-18-17-00,101,181
2024-05-18-17-30,108,179
2024-05-18-18-00,79,180
2024-05-18-18-30,103,183
2024-05-18-19-00,114,180
2024-05-18-19-30,122,179
2024-05-18-20-00,108,182
2024-05-18-20-30,114,180
2024-05-18-21-00,90,180
2024-05-18-21-30,101,181
2024-05-18-22-00,100,182
2024-05-18-22-30,95,177
2024-05-18-23-00,104,179
2024-05-18-23-30,108,181
2024-05-19-00-00,91,190
2024-05-19-00-30,103,189
2024-05-19-01-00,99,189
2024-05-19-01-30,98,194
2024-05-19-02-00,90,189
2024-05-19-02-30,81,188
2024-05-19-03-00,94,185
2024-05-19-03-30,88,190
2024-05-19-04-00,93,191
2024-05-19-04-30,121,193
2024-05-19-05-00,92,189
2024-05-19-05-30,92,193
2024-05-19-06-00,80,191
2024-05-19-06-30,97,192
2024-05-19-07-00,93,195
2024-05-19-07-30,114,192
2024-05-19-08-00,83,187
2024-05-19-08-30,89,192
2024-05-19-09-00,119,190
2024-05-19-09-30,118,190
2024-05-19-10-00,89,189
2024-05-19-10-30,110,191
2024-05-19-11-00,105,190
2024-05-19-11-30,121,190
2024-05-19-12-00,75,187
2024-05-19-12-30,109,189
2024-05-19-13-00,107,189
2024-05-19-13-30,121,185
2024-05-19-14-00,100,190
2024-05-19-14-30,118,189
2024-05-19-15-00,101,190
2024-05-19-15-30,119,190
2024-05-19-16-00,103,187
2024-05-19-16-30,101,188
2024-05-19-17-00,105,189
2024-05-19-17-30,88,192
2024-05-19-18-00,101,188
2024-05-19-18-30,97,193
2024-05-19-19-00,95,189
2024-05-19-19-30,80,188
2024-05-19-20-00,99,188
2024-05-19-20-30,104,191
2024-05-19-21-00,110,188
2024-05-19-21-30,106,190
2024-05-19-22-00,116,185
2024-05-19-22-30,79,192
2024-05-19-23-00,81,190
2024-05-19-23-30,106,188
2024-05-20-00-00,93,200
2024-05-20-00-30,81,200
2024-05-20-01-00,91,200
2024-05-20-01-30,112,203
2024-05-20-02-00,80,203
2024-05-20-02-30,107,203
2024-05-20-03-00,91,199
2024-05-20-03-30,104,202
2024-05-20-04-00,95,201
2024-05-20-04-30,101,204
2024-05-20-05-00,103,198
2024-05-20-05-30,87,199
2024-05-20-06-00,80,200
2024-05-20-06-30,87,197
2024-05-20-07-00,126,198
2024-05-20-07-30,90,198
2024-05-20-08-00,82,202
2024-05-20-08-30,88,198
2024-05-20-09-00,108,201
2024-05-20-09-30,100,200
2024-05-20-10-00,93,201
2024-05-20-10-30,94,198
2024-05-20-11-00,94,200
2024-05-20-11-30,109,199
2024-05-20-12-00,116,200
2024-05-20-12-30,87,201
2024-05-20-13-00,111,196
2024-05-20-13-30,101,200
2024-05-20-14-00,97,199
2024-05-20-14-30,98,198
2024-05-20-15-00,93,197
2024-05-20-15-30,98,197
2024-05-20-16-00,113,196
2024-05-20-16-30,106,198
2024-05-20-17-00,91,200
2024-05-20-17-30,93,199
2024-05-20-18-00,73,202
2024-05-20-18-30,64,198
2024-05-20-19-00,101,200
2024-05-20-19-30,117,198
2024-05-20-20-00,110,201
2024-05-20-20-30,104,196
2024-05-20-21-00,105,195
2024-05-20-21-30,109,199
2024-05-20-22-00,98,202
2024-05-20-22-30,112,203
2024-05-20-23-00,97,199
2024-05-20-23-30,113,201
2024-05-21-00-00,100,206
2024-05-21-00-30,108,208
2024-05-21-01-00,104,212
2024-05-21-01-30,67,209
2024-05-21-02-00,106,212
2024-05-21-02-30,123,214
2024-05-21-03-00,101,210
2024-05-21-03-30,104,213
2024-05-21-04-00,110,208
2024-05-21-04-30,105,213
2024-05-21-05-00,99,212
2024-05-21-05-30,129,213
2024-05-21-06-00,113,209
2024-05-21-06-30,115,211
2024-05-21-07-00,56,207
2024-05-21-07-30,131,207
2024-05-21-08-00,103,209
2024-05-21-08-30,105,205
2024-05-21-09-00,107,210
2024-05-21-09-30,90,210
2024-05-21-10-00,109,211
2024-05-21-10-30,108,211
2024-05-21-11-00,117,207
2024-05-21-11-30,106,208
2024-05-21-12-00,89,211
2024-05-21-12-30,94,208
2024-05-21-13-00,74,215
2024-05-21-13-30,90,211
2024-05-21-14-00,65,205
2024-05-21-14-30,99,213
2024-05-21-15-00,102,211
2024-05-21-15-30,98,210
2024-05-21-16-00,107,205
2024-05-21-16-30,107,209
2024-05-21-17-00,87,209
2024-05-21-17-30,109,210
2024-05-21-18-00,97,207
2024-05-21-18-30,79,210
2024-05-21-19-00,104,209
2024-05-21-19-30,114,210
2024-05-21-20-00,102,212
2024-05-21-20-30,78,209
2024-05-21-21-00,89,213
2024-05-21-21-30,90,207
2024-05-21-22-00,116,209
2024-05-21-22-30,118,211
2024-05-21-23-00,98,210
2024-05-21-23-30,106,211
2024-05-22-00-00,92,221
2024-05-22-00-30,107,221
2024-05-22-01-00,82,219
2024-05-22-01-30,107,215
2024-05-22-02-00,104,223
2024-05-22-02-30,98,217
2024-05-22-03-00,114,217
2024-05-22-03-30,111,217
2024-05-22-04-00,91,217
2024-05-22-04-30,90,220
2024-05-22-05-00,119,221
2024-05-22-05-30,105,218
2024-05-22-06-00,107,219
2024-05-22-06-30,104,218
2024-05-22-07-00,103,218
2024-05-22-07-30,111,221
2024-05-22-08-00,110,220
2024-05-22-08-30,90,218
2024-05-22-09-00,111,218
2024-05-22-09-30,94,221
2024-05-22-10-00,121,216
2024-05-22-10-30,114,217
2024-05-22-11-00,105,220
2024-05-22-11-30,106,220
2024-05-22-12-00,114,216
2024-05-22-12-30,110,222
2024-05-22-13-00,105,224
2024-05-22-13-30,76,221
2024-05-22-14-00,86,215
2024-05-22-14-30,111,219
2024-05-22-15-00,96,223
2024-05-22-15-30,98,220
2024-05-22-16-00,92,218
2024-05-22-16-30,91,214
2024-05-22-17-00,94,223
2024-05-22-17-30,119,222
2024-05-22-18-00,116,215
2024-05-22-18-30,93,216
2024-05-22-19-00,105,219
2024-05-22-19-30,78,219
2024-05-22-20-00,80,220
2024-05-22-20-30,96,222
2024-05-22-21-00,105,222
2024-05-22-21-30,128,220
2024-05-22-22-00,94,219
2024-05-22-22-30,82,219
2024-05-22-23-00,93,221
2024-05-22-23-30,116,221
2024-05-23-00-00,98,229
2024-05-23-00-30,92,228
2024-05-23-01-00,98,227
2024-05-23-01-30,99,228
2024-05-23-02-00,100,232
2024-05-23-02-30,111,228
2024-05-23-03-00,85,227
2024-05-23-03-30,95,230
2024-05-23-04-00,92,229
2024-05-23-04-30,101,227
2024-05-23-05-00,115,229
2024-05-23-05-30,95,231
2024-05-23-06-00,69,229
2024-05-23-06-30,114,228
2024-05-23-07-00,87,232
2024-05-23-07-30,121,229
2024-05-23-08-00,97,231
2024-05-23-08-30,85,233
2024-05-23-09-00,97,231
2024-05-23-09-30,98,235
2024-05-23-10-00,105,230
2024-05-23-10-30,104,230
2024-05-23-11-00,103,229
2024-05-23-11-30,89,230
2024-05-23-12-00,115,227
2024-05-23-12-30,98,231
2024-05-23-13-00,114,230
2024-05-23-13-30,112,231
2024-05-23-14-00,111,228
2024-05-23-14-30,98,232
2024-05-23-15-00,88,228
2024-05-23-15-30,115,229
2024-05-23-16-00,83,230
2024-05-23-16-30,101,230
2024-05-23-17-00,101,232
2024-05-23-17-30,108,228
2024-05-23-18-00,110,229
2024-05-23-18-30,100,233
2024-05-23-19-00,99,230
2024-05-23-19-30,99,230
2024-05-23-20-00,104,226
2024-05-23-20-30,114,229
2024-05-23-21-00,64,233
2024-05-23-21-30,113,229
2024-05-23-22-00,88,224
2024-05-23-22-30,113,226
2024-05-23-23-00,86,233
2024-05-23-23-30,102,231
2024-05-24-00-00,117,237
2024-05-24-00-30,79,241
2024-05-24-01-00,102,238
2024-05-24-01-30,86,243
2024-05-24-02-00,90,239
2024-05-24-02-30,84,241
2024-05-24-03-00,109,240
2024-05-24-03-30,111,242
2024-05-24-04-00,89,240
2024-05-24-04-30,88,241
2024-05-24-05-00,98,240
2024-05-24-05-30,84,238
2024-05-24-06-00,105,242
2024-05-24-06-30,86,238
2024-05-24-07-00,82,241
2024-05-24-07-30,108,236
2024-05-24-08-00,82,236
2024-05-24-08-30,111,241
2024-05-24-09-00,89,241
2024-05-24-09-30,81,239
2024-05-24-10-00,101,235
2024-05-24-10-30,80,239
2024-05-24-11-00,118,238
2024-05-24-11-30,114,239
2024-05-24-12-00,81,243
2024-05-24-12-30,92,244
2024-05-24-13-00,108,240
2024-05-24-13-30,93,245
2024-05-24-14-00,84,241
2024-05-24-14-30,94,241
2024-05-24-15-00,132,240
2024-05-24-15-30,95,236
2024-05-24-16-00,111,239
2024-05-24-16-30,94,241
2024-05-24-17-00,128,240
2024-05-24-17-30,82,240
2024-05-24-18-00,63,239
2024-05-24-18-30,99,239
2024-05-24-19-00,111,240
2024-05-24-19-30,96,241
2024-05-24-20-00,112,237
2024-05-24-20-30,100,239
2024-05-24-21-00,100,236
2024-05-24-21-30,97,238
2024-05-24-22-00,99,236
2024-05-24-22-30,78,239
2024-05-24-23-00,122,241
2024-05-24-23-30,114,240
2024-05-25-00-00,82,250
2024-05-25-00-30,110,248
2024-05-25-01-00,116,249
2024-05-25-01-30,112,246
2024-05-25-02-00,86,250
2024-05-25-02-30,90,251
2024-05-25-03-00,95,250
2024-05-25-03-30,99,252
2024-05-25-04-00,93,250
2024-05-25-04-30,101,248
2024-05-25-05-00,88,245
2024-05-25-05-30,92,251
2024-05-25-06-00,133,247
2024-05-25-06-30,90,251
2024-05-25-07-00,96,248
2024-05-25-07-30,108,248
2024-05-25-08-00,77,248
2024-05-25-08-30,83,253
2024-05-25-09-00,93,250
2024-05-25-09-30,86,249
2024-05-25-10-00,110,248
2024-05-25-10-30,65,249
2024-05-25-11-00,114,248
2024-05-25-11-30,81,244
2024-05-25-12-00,108,251
2024-05-25-12-30,85,249
2024-05-25-13-00,96,246
2024-05-25-13-30,88,250
2024-05-25-14-00,104,249
2024-05-25-14-30,81,251
2024-05-25-15-00,89,250
2024-05-25-15-30,90,245
2024-05-25-16-00,137,250
2024-05-25-16-30,74,252
2024-05-25-17-00,106,253
2024-05-25-17-30,98,252
2024-05-25-18-00,112,250
2024-05-25-18-30,98,247
2024-05-25-19-00,96,248
2024-05-25-19-30,91,247
2024-05-25-20-00,66,253
2024-05-25-20-30,107,253
2024-05-25-21-00,112,247
2024-05-25-21-30,102,249
2024-05-25-22-00,82,246
2024-05-25-22-30,108,252
2024-05-25-23-00,99,248
2024-05-25-23-30,95,250
2024-05-26-00-00,72,261
2024-05-26-00-30,110,255
2024-05-26-01-00,121,260
2024-05-26-01-30,107,265
2024-05-26-02-00,118,261
2024-05-26-02-30,112,255
2024-05-26-03-00,93,261
2024-05-26-03-30,104,262
2024-05-26-04-00,102,258
2024-05-26-04-30,87,261
2024-05-26-05-00,101,260
2024-05-26-05-30,98,258
2024-05-26-06-00,121,260
2024-05-26-06-30,112,261
2024-05-26-07-00,112,263
2024-05-26-07-30,104,259
2024-05-26-08-00,95,260
2024-05-26-08-30,88,262
2024-05-26-09-00,102,261
2024-05-26-09-30,100,261
2024-05-26-10-00,71,262
2024-05-26-10-30,114,256
2024-05-26-11-00,106,260
2024-05-26-11-30,72,263
2024-05-26-12-00,90,258
2024-05-26-12-30,114,261
2024-05-26-13-00,97,257
2024-05-26-13-30,90,258
2024-05-26-14-00,102,261
2024-05-26-14-30,103,259
2024-05-26-15-00,107,257
2024-05-26-15-30,107,261
2024-05-26-16-00,98,260
2024-05-26-16-30,114,259
2024-05-26-17-00,107,258
2024-05-26-17-30,90,256
2024-05-26-18-00,126,260
2024-05-26-18-30,103,259
2024-05-26-19-00,83,260
2024-05-26-19-30,97,260
2024-05-26-20-00,117,256
2024-05-26-20-30,109,259
2024-05-26-21-00,95,256
2024-05-26-21-30,113,257
2024-05-26-22-00,117,264
2024-05-26-22-30,88,257
2024-05-26-23-00,105,259
2024-05-26-23-30,91,262
2024-05-27-00-00,94,265
2024-05-27-00-30,104,273
2024-05-27-01-00,96,269
2024-05-27-01-30,76,272
2024-05-27-02-00,109,272
2024-05-27-02-30,66,271
2024-05-27-03-00,74,273
2024-05-27-03-30,114,268
2024-05-27-04-00,120,270
2024-05-27-04-30,117,270
2024-05-27-05-00,118,272
2024-05-27-05-30,116,272
2024-05-27-06-00,105,268
2024-05-27-06-30,95,270
2024-05-27-07-00,84,270
2024-05-27-07-30,110,276
2024-05-27-08-00,97,271
2024-05-27-08-30,119,270
2024-05-27-09-00,74,269
2024-05-27-09-30,92,268
2024-05-27-10-00,89,269
2024-05-27-10-30,61,271
2024-05-27-11-00,136,272
2024-05-27-11-30,108,271
2024-05-27-12-00,123,272
2024-05-27-12-30,65,270
2024-05-27-13-00,110,269
2024-05-27-13-30,99,266
2024-05-27-14-00,95,271
2024-05-27-14-30,89,275
2024-05-27-15-00,84,272
2024-05-27-15-30,97,267
2024-05-27-16-00,57,269
2024-05-27-16-30,85,269
2024-05-27-17-00,86,273
2024-05-27-17-30,88,266
2024-05-27-18-00,54,267
2024-05-27-18-30,97,271
2024-05-27-19-00,102,268
2024-05-27-19-30,91,272
2024-05-27-20-00,91,267
2024-05-27-20-30,105,272
2024-05-27-21-00,87,271
2024-05-27-21-30,124,267
2024-05-27-22-00,116,268
2024-05-27-22-30,95,271
2024-05-27-23-00,102,270
2024-05-27-23-30,79,271
2024-05-28-00-00,95,275
2024-05-28-00-30,90,281
2024-05-28-01-00,110,282
2024-05-28-01-30,112,281
2024-05-28-02-00,89,280
2024-05-28-02-30,88,279
2024-05-28-03-00,76,281
2024-05-28-03-30,108,280
2024-05-28-04-00,115,280
2024-05-28-04-30,72,281
2024-05-28-05-00,87,280
2024-05-28-05-30,93,278
2024-05-28-06-00,97,277
2024-05-28-06-30,107,278
2024-05-28-07-00,106,280
2024-05-28-07-30,94,277
2024-05-28-08-00,93,282
2024-05-28-08-30,96,276
2024-05-28-09-00,112,276
2024-05-28-09-30,77,279
2024-05-28-10-00,95,280
2024-05-28-10-30,106,284
2024-05-28-11-00,94,280
2024-05-28-11-30,76,279
2024-05-28-12-00,101,281
2024-05-28-12-30,99,279
2024-05-28-13-00,97,283
2024-05-28-13-30,98,281
2024-05-28-14-00,116,284
2024-05-28-14-30,98,277
2024-05-28-15-00,77,280
2024-05-28-15-30,88,278
2024-05-28-16-00,96,279
2024-05-28-16-30,99,285
2024-05-28-17-00,92,280
2024-05-28-17-30,113,279
2024-05-28-18-00,70,276
2024-05-28-18-30,125,279
2024-05-28-19-00,117,278
2024-05-28-19-30,86,281
2024-05-28-20-00,93,277
2024-05-28-20-30,103,284
2024-05-28-21-00,128,278
2024-05-28-21-30,105,280
2024-05-28-22-00,115,280
2024-05-28-22-30,106,281
2024-05-28-23-00,103,280
2024-05-28-23-30,106,278
2024-05-29-00-00,115,287
2024-05-29-00-30,120,291
2024-05-29-01-00,76,290
2024-05-29-01-30,113,291
2024-05-29-02-00,93,290
2024-05-29-02-30,108,291
2024-05-29-03-00,89,288
2024-05-29-03-30,99,291
2024-05-29-04-00,105,289
2024-05-29-04-30,80,290
2024-05-29-05-00,93,288
2024-05-29-05-30,96,290
2024-05-29-06-00,119,290
2024-05-29-06-30,91,292
2024-05-29-07-00,110,289
2024-05-29-07-30,101,290
2024-05-29-08-00,136,292
2024-05-29-08-30,110,285
2024-05-29-09-00,87,291
2024-05-29-09-30,82,290
2024-05-29-10-00,88,288
2024-05-29-10-30,63,292
2024-05-29-11-00,105,291
2024-05-29-11-30,95,290
2024-05-29-12-00,118,288
2024-05-29-12-30,95,290
2024-05-29-13-00,113,288
2024-05-29-13-30,80,287
2024-05-29-14-00,111,294
2024-05-29-14-30,88,290
2024-05-29-15-00,107,290
2024-05-29-15-30,104,291
2024-05-29-16-00,95,290
2024-05-29-16-30,86,287
2024-05-29-17-00,128,290
2024-05-29-17-30,109,293
2024-05-29-18-00,106,289
2024-05-29-18-30,103,291
2024-05-29-19-00,87,289
2024-05-29-19-30,94,289
2024-05-29-20-00,109,288
2024-05-29-20-30,98,291
2024-05-29-21-00,88,290
2024-05-29-21-30,97,291
2024-05-29-22-00,123,291
2024-05-29-22-30,113,286
2024-05-29-23-00,97,290
2024-05-29-23-30,111,287
2024-05-30-00-00,126,300
2024-05-30-00-30,103,302
2024-05-30-01-00,113,300
2024-05-30-01-30,108,301
2024-05-30-02-00,91,295
2024-05-30-02-30,105,300
2024-05-30-03-00,104,296
2024-05-30-03-30,100,298
2024-05-30-04-00,110,300
2024-05-30-04-30,101,299
2024-05-30-05-00,119,298
2024-05-30-05-30,94,297
2024-05-30-06-00,115,298
2024-05-30-06-30,109,301
2024-05-30-07-00,78,296
2024-05-30-07-30,97,297
2024-05-30-08-00,72,300
2024-05-30-08-30,102,298
2024-05-30-09-00,95,301
2024-05-30-09-30,87,301
2024-05-30-10-00,102,300
2024-05-30-10-30,92,302
2024-05-30-11-00,118,302
2024-05-30-11-30,115,301
2024-05-30-12-00,94,298
2024-05-30-12-30,83,300
2024-05-30-13-00,91,299
2024-05-30-13-30,112,301
2024-05-30-14-00,122,300
2024-05-30-14-30,111,298
2024-05-30-15-00,109,302
2024-05-30-15-30,103,302
2024-05-30-16-00,100,304
2024-05-30-16-30,78,298
2024-05-30-17-00,88,298
2024-05-30-17-30,92,298
2024-05-30-18-00,115,297
2024-05-30-18-30,105,298
2024-05-30-19-00,95,302
2024-05-30-19-30,93,299
2024-05-30-20-00,71,301
2024-05-30-20-30,88,299
2024-05-30-21-00,94,302
2024-05-30-21-30,102,299
2024-05-30-22-00,83,296
2024-05-30-22-30,111,301
2024-05-30-23-00,100,301
2024-05-30-23-30,85,300
